	AA1_fwd	AA1_rev	AA1_probe	AA2_fwd	AA2_rev	AA2_probe	AA3_fwd	AA3_rev	AA3_probe	AA4_fwd	AA4_rev	AA4_probe	AA5_fwd	AA5_rev	AA5_probe	AA6_fwd	AA6_rev	AA6_probe	AA7_fwd	AA7_rev	AA7_probe
AA1_fwd	-2.87	-3.74	-3.55	-3.61	-4.71	-3.84	-3.51	-2.1	-3.78	-4.27	-2.36	-1.41	-4.38	-2.21	-2.51	-3.51	-4.03	-2.3	-3.87	-2.9	-3.03
AA1_rev	-3.74	-2.77	-3.07	-3.1	-4.06	-4.24	-4.14	-4.72	-2.91	-4.65	-3.93	-3.35	-2.96	-2.82	-3.54	-2.94	-4.4	-3.77	-3.88	-3.04	-3.74
AA1_probe	-3.55	-3.07	-3.99	-2.81	-2.2	-2.17	-4.71	-2.73	-2.67	-3.31	-2.18	-2.76	-2.67	-4.1	-3.81	-2.88	-2.98	-2.64	-2.97	-2.9	-3.31
AA2_fwd	-3.61	-3.1	-2.81	-2.81	-2.18	-2.08	-3.22	-2.5	-2.81	-3.31	-1.21	-2.08	-3.69	-3.31	-2.59	-2.81	-1.8	-3.09	-2.76	-2.82	-3.31
AA2_rev	-4.71	-4.06	-2.2	-2.18	-1.47	-1.42	-3.66	-2.68	-2.61	-2.68	-2.0	-1.18	-2.54	-4.34	-1.92	-3.38	-3.67	-1.6	-2.69	-3.47	-2.89
AA2_probe	-3.84	-4.24	-2.17	-2.08	-1.42	-1.36	-3.17	-3.87	-2.27	-2.59	-1.65	-1.36	-3.35	-2.59	-3.02	-2.75	-3.66	-1.6	-2.04	-2.23	-2.59
AA3_fwd	-3.51	-4.14	-4.71	-3.22	-3.66	-3.17	-1.95	-2.03	-2.77	-3.66	-1.63	-3.54	-4.33	-3.78	-4.28	-2.2	-4.02	-2.22	-4.17	-1.94	-3.91
AA3_rev	-2.1	-4.72	-2.73	-2.5	-2.68	-3.87	-2.03	-4.74	-4.74	-2.77	-2.54	-2.67	-3.91	-2.42	-4.85	-2.64	-2.1	-2.73	-2.98	-2.59	-3.1
AA3_probe	-3.78	-2.91	-2.67	-2.81	-2.61	-2.27	-2.77	-4.74	-4.74	-3.31	-2.54	-2.59	-4.07	-3.31	-2.59	-2.81	-3.18	-2.73	-2.59	-3.17	-3.31
AA4_fwd	-4.27	-4.65	-3.31	-3.31	-2.68	-2.59	-3.66	-2.77	-3.31	-3.82	-1.19	-2.95	-3.82	-3.82	-3.38	-3.38	-1.97	-3.11	-3.46	-4.07	-3.82
AA4_rev	-2.36	-3.93	-2.18	-1.21	-2.0	-1.65	-1.63	-2.54	-2.54	-1.19	-1.76	-1.43	-2.38	-1.72	-3.98	-2.01	-2.2	-2.49	-1.84	-2.1	-2.58
AA4_probe	-1.41	-3.35	-2.76	-2.08	-1.18	-1.36	-3.54	-2.67	-2.59	-2.95	-1.43	-3.13	-2.48	-2.59	-2.29	-1.77	-1.46	-2.24	-2.06	-1.39	-2.59
AA5_fwd	-4.38	-2.96	-2.67	-3.69	-2.54	-3.35	-4.33	-3.91	-4.07	-3.82	-2.38	-2.48	-3.82	-3.78	-3.09	-3.31	-3.28	-3.1	-4.39	-4.08	-3.82
AA5_rev	-2.21	-2.82	-4.1	-3.31	-4.34	-2.59	-3.78	-2.42	-3.31	-3.82	-1.72	-2.59	-3.78	-3.82	-3.09	-3.91	-1.62	-1.92	-3.46	-2.99	-3.82
AA5_probe	-2.51	-3.54	-3.81	-2.59	-1.92	-3.02	-4.28	-4.85	-2.59	-3.38	-3.98	-2.29	-3.09	-3.09	-2.37	-2.59	-1.46	-2.51	-2.44	-1.94	-3.09
AA6_fwd	-3.51	-2.94	-2.88	-2.81	-3.38	-2.75	-2.2	-2.64	-2.81	-3.38	-2.01	-1.77	-3.31	-3.91	-2.59	-3.94	-2.79	-2.63	-2.76	-2.25	-3.07
AA6_rev	-4.03	-4.4	-2.98	-1.8	-3.67	-3.66	-4.02	-2.1	-3.18	-1.97	-2.2	-1.46	-3.28	-1.62	-1.46	-2.79	-0.93	-2.37	-2.27	-2.68	-1.97
AA6_probe	-2.3	-3.77	-2.64	-3.09	-1.6	-1.6	-2.22	-2.73	-2.73	-3.11	-2.49	-2.24	-3.1	-1.92	-2.51	-2.63	-2.37	-1.92	-3.1	-2.68	-2.58
AA7_fwd	-3.87	-3.88	-2.97	-2.76	-2.69	-2.04	-4.17	-2.98	-2.59	-3.46	-1.84	-2.06	-4.39	-3.46	-2.44	-2.76	-2.27	-3.1	-4.35	-3.97	-3.46
AA7_rev	-2.9	-3.04	-2.9	-2.82	-3.47	-2.23	-1.94	-2.59	-3.17	-4.07	-2.1	-1.39	-4.08	-2.99	-1.94	-2.25	-2.68	-2.68	-3.97	-2.92	-3.45
AA7_probe	-3.03	-3.74	-3.31	-3.31	-2.89	-2.59	-3.91	-3.1	-3.31	-3.82	-2.58	-2.59	-3.82	-3.82	-3.09	-3.07	-1.97	-2.58	-3.46	-3.45	-3.82
